{
  "name": "br-masks",
  "version": "0.4.1",
  "description": "A library of masks applicable to several Brazilian data like I.E., CNPJ, CPF and others",
  "homepage": "http://github.com/the-darc/br-masks",
  "repository": {
    "type": "git",
    "url": "git@github.com:the-darc/br-masks.git"
  },
  "main": "releases/br-masks.js",
  "author": [
    {
      "name": "Daniel Campos",
      "email": "darc.tec@gmail.com"
    }
  ],
  "keywords": [
    "mask",
    "cpf",
    "cnpj",
    "inscrição estadual",
    "cep",
    "telefone"
  ],
  "license": "MIT",
  "ignore": [
    "**/.*",
    "node_modules",
    "bower_components",
    "src",
    "**/*.test.js",
    "package.json"
  ],
  "dependencies": {
    "string-mask": "^0.2.1"
  },
  "_release": "0.4.1",
  "_resolution": {
    "type": "version",
    "tag": "0.4.1",
    "commit": "f88e7e7490261f2aa2cd6c32a5d38b16759cecf3"
  },
  "_source": "https://github.com/the-darc/br-masks.git",
  "_target": "~0.4.1",
  "_originalSource": "br-masks"
}