{
  "name": "string-mask",
  "version": "0.2.2",
  "homepage": "https://github.com/the-darc/string-mask",
  "authors": [
    "the-darc <darc.tec@gmail.com>"
  ],
  "description": "A string formatter and validator based on masks",
  "main": "src/string-mask.js",
  "keywords": [
    "mask",
    "formatter",
    "string",
    "validator",
    "validation"
  ],
  "license": "MIT",
  "ignore": [
    "**/.*",
    "node_modules",
    "bower_components",
    "**/*.test.js",
    "package.json"
  ],
  "_release": "0.2.2",
  "_resolution": {
    "type": "version",
    "tag": "0.2.2",
    "commit": "35edb7dc4b031273d7d97f413e895b7ea8cb4fb4"
  },
  "_source": "https://github.com/the-darc/string-mask.git",
  "_target": "^0.2.1",
  "_originalSource": "string-mask"
}